Daily automated run at Tue Oct 21 15:50:24 UTC 2025
Daily automated run at Wed Oct 22 03:30:48 UTC 2025
Daily automated run at Thu Oct 23 03:24:18 UTC 2025
Daily automated run at Fri Oct 24 03:12:46 UTC 2025
Daily automated run at Sat Oct 25 03:22:39 UTC 2025
Daily automated run at Sun Oct 26 03:28:05 UTC 2025
Daily automated run at Mon Oct 27 03:38:02 UTC 2025
Daily automated run at Mon Oct 27 18:03:20 UTC 2025
Daily automated run at Mon Oct 27 18:12:53 UTC 2025
Daily automated run at Mon Oct 27 18:13:11 UTC 2025
Daily automated run at Mon Oct 27 18:15:26 UTC 2025
Daily automated run at Mon Oct 27 18:17:31 UTC 2025
Daily automated run at Mon Oct 27 18:17:40 UTC 2025
Daily automated run at Mon Oct 27 18:17:55 UTC 2025
Daily automated run at Tue Oct 28 03:27:49 UTC 2025
Daily automated run at Wed Oct 29 03:33:34 UTC 2025
Daily automated run at Thu Oct 30 03:29:58 UTC 2025
Daily automated run at Fri Oct 31 03:30:30 UTC 2025
